1899,10,5,76,36,9,False,1
1899,11,3,76,36,10,False,1
1899,12,3,76,36,11,False,1
1900,1,1,76,36,12,False,1
1900,1,31,76,37,1,False,1
1900,3,1,76,37,2,False,1
1900,3,31,76,37,3,False,1
1900,4,29,76,37,4,False,1
1900,5,28,76,37,5,False,1
1900,6,27,76,37,6,False,1
1900,7,26,76,37,7,False,1
1900,8,25,76,37,8,False,1
1900,9,24,76,37,8,True,1
1900,10,23,76,37,9,False,1
1900,11,22,76,37,10,False,1
1900,12,22,76,37,11,False,1
1901,1,20,76,37,12,False,1
1901,2,19,76,38,1,False,1
1901,3,20,76,38,2,False,1
1901,4,19,76,38,3,False,1
1901,5,18,76,38,4,False,1
1901,6,16,76,38,5,False,1
1901,7,16,76,38,6,False,1
1901,8,14,76,38,7,False,1
1901,9,13,76,38,8,False,1
1901,10,12,76,38,9,False,1
1901,11,11,76,38,10,False,1
1901,12,11,76,38,11,False,1
1902,1,10,76,38,12,False,1
1902,2,8,76,39,1,False,1
1902,3,10,76,39,2,False,1
1902,4,8,76,39,3,False,1
1902,5,8,76,39,4,False,1
1902,6,6,76,39,5,False,1
1902,7,5,76,39,6,False,1
1902,8,4,76,39,7,False,1
1902,9,2,76,39,8,False,1
1902,10,2,76,39,9,False,1
1902,10,31,76,39,10,False,1
1902,11,30,76,39,11,False,1
1902,12,30,76,39,12,False,1
1903,1,29,76,40,1,False,1
1903,2,27,76,40,2,False,1
1903,3,29,76,40,3,False,1
1903,4,27,76,40,4,False,1
1903,5,27,76,40,5,False,1
1903,6,25,76,40,5,True,1
1903,7,24,76,40,6,False,1
1903,8,23,76,40,7,False,1
1903,9,21,76,40,8,False,1
1903,10,20,76,40,9,False,1
1903,11,19,76,40,10,False,1
1903,12,19,76,40,11,False,1
1904,1,17,76,40,12,False,1
1904,2,16,76,41,1,False,1
1904,3,17,76,41,2,False,1
1904,4,16,76,41,3,False,1
1904,5,15,76,41,4,False,1
1904,6,14,76,41,5,False,1
1904,7,13,76,41,6,False,1
1904,8,11,76,41,7,False,1
1904,9,10,76,41,8,False,1
1904,10,9,76,41,9,False,1
1904,11,7,76,41,10,False,1
1904,12,7,76,41,11,False,1
1905,1,6,76,41,12,False,1
1905,2,4,76,42,1,False,1
1905,3,6,76,42,2,False,1
1905,4,5,76,42,3,False,1
1905,5,4,76,42,4,False,1
1905,6,3,76,42,5,False,1
1905,7,3,76,42,6,False,1
1905,8,1,76,42,7,False,1
1905,8,30,76,42,8,False,1
1905,9,29,76,42,9,False,1
1905,10,28,76,42,10,False,1
1905,11,27,76,42,11,False,1
1905,12,26,76,42,12,False,1
1906,1,25,76,43,1,False,1
1906,2,23,76,43,2,False,1
1906,3,25,76,43,3,False,1
1906,4,23,76,43,4,False,1
1906,5,23,76,43,4,True,1
1906,6,22,76,43,5,False,1
1906,7,21,76,43,6,False,1
1906,8,20,76,43,7,False,1
1906,9,18,76,43,8,False,1
1906,10,18,76,43,9,False,1
1906,11,16,76,43,10,False,1
1906,12,16,76,43,11,False,1
1907,1,14,76,43,12,False,1
1907,2,13,76,44,1,False,1
1907,3,14,76,44,2,False,1
1907,4,13,76,44,3,False,1
1907,5,12,76,44,4,False,1
1907,6,11,76,44,5,False,1
1907,7,10,76,44,6,False,1
1907,8,9,76,44,7,False,1
1907,9,8,76,44,8,False,1
1907,10,7,76,44,9,False,1
1907,11,6,76,44,10,False,1
1907,12,5,76,44,11,False,1
1908,1,4,76,44,12,False,1
1908,2,2,76,45,1,False,1
1908,3,3,76,45,2,False,1
1908,4,1,76,45,3,False,1
1908,4,30,76,45,4,False,1
1908,5,30,76,45,5,False,1
1908,6,29,76,45,6,False,1
1908,7,28,76,45,7,False,1
1908,8,27,76,45,8,False,1
1908,9,25,76,45,9,False,1
1908,10,25,76,45,10,False,1
1908,11,24,76,45,11,False,1
1908,12,23,76,45,12,False,1
1909,1,22,76,46,1,False,1
1909,2,20,76,46,2,False,1
1909,3,22,76,46,2,True,1
1909,4,20,76,46,3,False,1
1909,5,19,76,46,4,False,1
1909,6,18,76,46,5,False,1
1909,7,17,76,46,6,False,1
1909,8,16,76,46,7,False,1
1909,9,14,76,46,8,False,1
1909,10,14,76,46,9,False,1
1909,11,13,76,46,10,False,1
1909,12,13,76,46,11,False,1
1910,1,11,76,46,12,False,1
1910,2,10,76,47,1,False,1
1910,3,11,76,47,2,False,1
1910,4,10,76,47,3,False,1
1910,5,9,76,47,4,False,1
1910,6,7,76,47,5,False,1
1910,7,7,76,47,6,False,1
1910,8,5,76,47,7,False,1
1910,9,4,76,47,8,False,1
1910,10,3,76,47,9,False,1
1910,11,2,76,47,10,False,1
1910,12,2,76,47,11,False,1
1911,1,1,76,47,12,False,1
1911,1,30,76,48,1,False,1
1911,3,1,76,48,2,False,1
1911,3,30,76,48,3,False,1
1911,4,29,76,48,4,False,1
1911,5,28,76,48,5,False,1
1911,6,26,76,48,6,False,1
1911,7,26,76,48,6,True,1
1911,8,24,76,48,7,False,1
1911,9,22,76,48,8,False,1
1911,10,22,76,48,9,False,1
1911,11,21,76,48,10,False,1
1911,12,20,76,48,11,False,1
1912,1,19,76,48,12,False,1
1912,2,18,76,49,1,False,1
1912,3,19,76,49,2,False,1
1912,4,17,76,49,3,False,1
1912,5,17,76,49,4,False,1
1912,6,15,76,49,5,False,1
1912,7,14,76,49,6,False,1
1912,8,13,76,49,7,False,1
1912,9,11,76,49,8,False,1
1912,10,10,76,49,9,False,1
1912,11,9,76,49,10,False,1
1912,12,9,76,49,11,False,1
1913,1,7,76,49,12,False,1
1913,2,6,76,50,1,False,1
1913,3,8,76,50,2,False,1
1913,4,7,76,50,3,False,1
1913,5,6,76,50,4,False,1
1913,6,5,76,50,5,False,1
1913,7,4,76,50,6,False,1
1913,8,2,76,50,7,False,1
1913,9,1,76,50,8,False,1
1913,9,30,76,50,9,False,1
1913,10,29,76,50,10,False,1
1913,11,28,76,50,11,False,1
1913,12,27,76,50,12,False,1
1914,1,26,76,51,1,False,1
1914,2,25,76,51,2,False,1
1914,3,27,76,51,3,False,1
1914,4,25,76,51,4,False,1
1914,5,25,76,51,5,False,1
1914,6,23,76,51,5,True,1
1914,7,23,76,51,6,False,1
1914,8,21,76,51,7,False,1
1914,9,20,76,51,8,False,1
1914,10,19,76,51,9,False,1
1914,11,17,76,51,10,False,1
1914,12,17,76,51,11,False,1
1915,1,15,76,51,12,False,1
1915,2,14,76,52,1,False,1
1915,3,16,76,52,2,False,1
1915,4,14,76,52,3,False,1
1915,5,14,76,52,4,False,1
1915,6,13,76,52,5,False,1
1915,7,12,76,52,6,False,1
1915,8,11,76,52,7,False,1
1915,9,9,76,52,8,False,1
1915,10,9,76,52,9,False,1
1915,11,7,76,52,10,False,1
1915,12,7,76,52,11,False,1
1916,1,5,76,52,12,False,1
1916,2,3,76,53,1,False,1
1916,3,4,76,53,2,False,1
1916,4,3,76,53,3,False,1
1916,5,2,76,53,4,False,1
1916,6,1,76,53,5,False,1
1916,6,30,76,53,6,False,1
1916,7,30,76,53,7,False,1
1916,8,29,76,53,8,False,1
1916,9,27,76,53,9,False,1
1916,10,27,76,53,10,False,1
1916,11,25,76,53,11,False,1
1916,12,25,76,53,12,False,1
1917,1,23,76,54,1,False,1
1917,2,22,76,54,2,False,1
1917,3,23,76,54,2,True,1
1917,4,21,76,54,3,False,1
1917,5,21,76,54,4,False,1
1917,6,19,76,54,5,False,1
1917,7,19,76,54,6,False,1
1917,8,18,76,54,7,False,1
1917,9,16,76,54,8,False,1
1917,10,16,76,54,9,False,1
1917,11,15,76,54,10,False,1
1917,12,14,76,54,11,False,1
1918,1,13,76,54,12,False,1
1918,2,11,76,55,1,False,1
1918,3,13,76,55,2,False,1
1918,4,11,76,55,3,False,1
1918,5,10,76,55,4,False,1
1918,6,9,76,55,5,False,1
1918,7,8,76,55,6,False,1
1918,8,7,76,55,7,False,1
1918,9,5,76,55,8,False,1
1918,10,5,76,55,9,False,1
1918,11,4,76,55,10,False,1
1918,12,3,76,55,11,False,1
1919,1,2,76,55,12,False,1
1919,2,1,76,56,1,False,1
1919,3,2,76,56,2,False,1
1919,4,1,76,56,3,False,1
1919,4,30,76,56,4,False,1
1919,5,29,76,56,5,False,1
1919,6,28,76,56,6,False,1
1919,7,27,76,56,7,False,1
1919,8,25,76,56,7,True,1
1919,9,24,76,56,8,False,1
1919,10,24,76,56,9,False,1
1919,11,22,76,56,10,False,1
1919,12,22,76,56,11,False,1
1920,1,21,76,56,12,False,1
1920,2,20,76,57,1,False,1
1920,3,20,76,57,2,False,1
1920,4,19,76,57,3,False,1
1920,5,18,76,57,4,False,1
1920,6,16,76,57,5,False,1
1920,7,16,76,57,6,False,1
1920,8,14,76,57,7,False,1
1920,9,12,76,57,8,False,1
1920,10,12,76,57,9,False,1
1920,11,10,76,57,10,False,1
1920,12,10,76,57,11,False,1
1921,1,9,76,57,12,False,1
1921,2,8,76,58,1,False,1
1921,3,10,76,58,2,False,1
1921,4,8,76,58,3,False,1
1921,5,8,76,58,4,False,1
1921,6,6,76,58,5,False,1
1921,7,5,76,58,6,False,1
1921,8,4,76,58,7,False,1
1921,9,2,76,58,8,False,1
1921,10,1,76,58,9,False,1
1921,10,31,76,58,10,False,1
1921,11,29,76,58,11,False,1
1921,12,29,76,58,12,False,1
1922,1,28,76,59,1,False,1
1922,2,27,76,59,2,False,1
1922,3,28,76,59,3,False,1
1922,4,27,76,59,4,False,1
1922,5,27,76,59,5,False,1
1922,6,25,76,59,5,True,1
1922,7,24,76,59,6,False,1
1922,8,23,76,59,7,False,1
1922,9,21,76,59,8,False,1
1922,10,20,76,59,9,False,1
1922,11,19,76,59,10,False,1
1922,12,18,76,59,11,False,1
1923,1,17,76,59,12,False,1
1923,2,16,76,60,1,False,1
1923,3,17,76,60,2,False,1
1923,4,16,76,60,3,False,1
1923,5,16,76,60,4,False,1
1923,6,14,76,60,5,False,1
1923,7,14,76,60,6,False,1
1923,8,12,76,60,7,False,1
1923,9,11,76,60,8,False,1
1923,10,10,76,60,9,False,1
1923,11,8,76,60,10,False,1
1923,12,8,76,60,11,False,1
1924,1,6,76,60,12,False,1
1924,2,5,77,1,1,False,1
1924,3,5,77,1,2,False,1
1924,4,4,77,1,3,False,1
1924,5,4,77,1,4,False,1
1924,6,2,77,1,5,False,1
1924,7,2,77,1,6,False,1
1924,8,1,77,1,7,False,1
1924,8,30,77,1,8,False,1
1924,9,29,77,1,9,False,1
1924,10,28,77,1,10,False,1
1924,11,27,77,1,11,False,1
1924,12,26,77,1,12,False,1
1925,1,24,77,2,1,False,1
1925,2,23,77,2,2,False,1
1925,3,24,77,2,3,False,1
1925,4,23,77,2,4,False,1
1925,5,22,77,2,4,True,1
1925,6,21,77,2,5,False,1
1925,7,21,77,2,6,False,1
1925,8,19,77,2,7,False,1
1925,9,18,77,2,8,False,1
1925,10,18,77,2,9,False,1
1925,11,16,77,2,10,False,1
1925,12,16,77,2,11,False,1
1926,1,14,77,2,12,False,1
1926,2,13,77,3,1,False,1
1926,3,14,77,3,2,False,1
1926,4,12,77,3,3,False,1
1926,5,12,77,3,4,False,1
1926,6,10,77,3,5,False,1
1926,7,10,77,3,6,False,1
1926,8,8,77,3,7,False,1
1926,9,7,77,3,8,False,1
1926,10,7,77,3,9,False,1
1926,11,5,77,3,10,False,1
1926,12,5,77,3,11,False,1
1927,1,4,77,3,12,False,1
1927,2,2,77,4,1,False,1
1927,3,4,77,4,2,False,1
1927,4,2,77,4,3,False,1
1927,5,1,77,4,4,False,1
1927,5,31,77,4,5,False,1
1927,6,29,77,4,6,False,1
1927,7,29,77,4,7,False,1
1927,8,27,77,4,8,False,1
1927,9,26,77,4,9,False,1
1927,10,25,77,4,10,False,1
1927,11,24,77,4,11,False,1
1927,12,24,77,4,12,False,1
1928,1,23,77,5,1,False,1
1928,2,21,77,5,2,False,1
1928,3,22,77,5,2,True,1
1928,4,20,77,5,3,False,1
1928,5,19,77,5,4,False,1
1928,6,18,77,5,5,False,1
1928,7,17,77,5,6,False,1
1928,8,15,77,5,7,False,1
1928,9,14,77,5,8,False,1
1928,10,13,77,5,9,False,1
1928,11,12,77,5,10,False,1
1928,12,12,77,5,11,False,1
1929,1,11,77,5,12,False,1
1929,2,10,77,6,1,False,1
1929,3,11,77,6,2,False,1
1929,4,10,77,6,3,False,1
1929,5,9,77,6,4,False,1
1929,6,7,77,6,5,False,1
1929,7,7,77,6,6,False,1
1929,8,5,77,6,7,False,1
1929,9,3,77,6,8,False,1
1929,10,3,77,6,9,False,1
1929,11,1,77,6,10,False,1
1929,12,1,77,6,11,False,1
1929,12,31,77,6,12,False,1
1930,1,30,77,7,1,False,1
1930,2,28,77,7,2,False,1
1930,3,30,77,7,3,False,1
1930,4,29,77,7,4,False,1
1930,5,28,77,7,5,False,1
1930,6,26,77,7,6,False,1
1930,7,26,77,7,6,True,1
1930,8,24,77,7,7,False,1
1930,9,22,77,7,8,False,1
1930,10,22,77,7,9,False,1
1930,11,20,77,7,10,False,1
1930,12,20,77,7,11,False,1
1931,1,19,77,7,12,False,1
1931,2,17,77,8,1,False,1
1931,3,19,77,8,2,False,1
1931,4,18,77,8,3,False,1
1931,5,17,77,8,4,False,1
1931,6,16,77,8,5,False,1
1931,7,15,77,8,6,False,1
1931,8,14,77,8,7,False,1
1931,9,12,77,8,8,False,1
1931,10,11,77,8,9,False,1
1931,11,10,77,8,10,False,1
1931,12,9,77,8,11,False,1
1932,1,8,77,8,12,False,1
1932,2,6,77,9,1,False,1
1932,3,7,77,9,2,False,1
1932,4,6,77,9,3,False,1
1932,5,6,77,9,4,False,1
1932,6,4,77,9,5,False,1
1932,7,4,77,9,6,False,1
1932,8,2,77,9,7,False,1
1932,9,1,77,9,8,False,1
1932,9,30,77,9,9,False,1
1932,10,29,77,9,10,False,1
1932,11,28,77,9,11,False,1
1932,12,27,77,9,12,False,1
1933,1,26,77,10,1,False,1
1933,2,24,77,10,2,False,1
1933,3,26,77,10,3,False,1
1933,4,25,77,10,4,False,1
1933,5,24,77,10,5,False,1
1933,6,23,77,10,5,True,1
1933,7,23,77,10,6,False,1
1933,8,21,77,10,7,False,1
1933,9,20,77,10,8,False,1
1933,10,19,77,10,9,False,1
1933,11,18,77,10,10,False,1
1933,12,17,77,10,11,False,1
1934,1,15,77,10,12,False,1
1934,2,14,77,11,1,False,1
1934,3,15,77,11,2,False,1
1934,4,14,77,11,3,False,1
1934,5,13,77,11,4,False,1
1934,6,12,77,11,5,False,1
1934,7,12,77,11,6,False,1
1934,8,10,77,11,7,False,1
1934,9,9,77,11,8,False,1
1934,10,8,77,11,9,False,1
1934,11,7,77,11,10,False,1
1934,12,7,77,11,11,False,1
1935,1,5,77,11,12,False,1
1935,2,4,77,12,1,False,1
1935,3,5,77,12,2,False,1
1935,4,3,77,12,3,False,1
1935,5,3,77,12,4,False,1
1935,6,1,77,12,5,False,1
1935,7,1,77,12,6,False,1
1935,7,30,77,12,7,False,1
1935,8,29,77,12,8,False,1
1935,9,28,77,12,9,False,1
1935,10,27,77,12,10,False,1
1935,11,26,77,12,11,False,1
1935,12,26,77,12,12,False,1
1936,1,24,77,13,1,False,1
1936,2,23,77,13,2,False,1
1936,3,23,77,13,3,False,1
1936,4,21,77,13,3,True,1
1936,5,21,77,13,4,False,1
1936,6,19,77,13,5,False,1
1936,7,18,77,13,6,False,1
1936,8,17,77,13,7,False,1
1936,9,16,77,13,8,False,1
1936,10,15,77,13,9,False,1
1936,11,14,77,13,10,False,1
1936,12,14,77,13,11,False,1
1937,1,13,77,13,12,False,1
1937,2,11,77,14,1,False,1
1937,3,13,77,14,2,False,1
1937,4,11,77,14,3,False,1
1937,5,10,77,14,4,False,1
1937,6,9,77,14,5,False,1
1937,7,8,77,14,6,False,1
1937,8,6,77,14,7,False,1
1937,9,5,77,14,8,False,1
1937,10,4,77,14,9,False,1
1937,11,3,77,14,10,False,1
1937,12,3,77,14,11,False,1
1938,1,2,77,14,12,False,1
1938,1,31,77,15,1,False,1
1938,3,2,77,15,2,False,1
1938,4,1,77,15,3,False,1
1938,4,30,77,15,4,False,1
1938,5,29,77,15,5,False,1
1938,6,28,77,15,6,False,1
1938,7,27,77,15,7,False,1
1938,8,25,77,15,7,True,1
1938,9,24,77,15,8,False,1
1938,10,23,77,15,9,False,1
1938,11,22,77,15,10,False,1
1938,12,22,77,15,11,False,1
1939,1,20,77,15,12,False,1
1939,2,19,77,16,1,False,1
1939,3,21,77,16,2,False,1
1939,4,20,77,16,3,False,1
1939,5,19,77,16,4,False,1
1939,6,17,77,16,5,False,1
1939,7,17,77,16,6,False,1
1939,8,15,77,16,7,False,1
1939,9,13,77,16,8,False,1
1939,10,13,77,16,9,False,1
1939,11,11,77,16,10,False,1
1939,12,11,77,16,11,False,1
1940,1,9,77,16,12,False,1
1940,2,8,77,17,1,False,1
1940,3,9,77,17,2,False,1
1940,4,8,77,17,3,False,1
1940,5,7,77,17,4,False,1
1940,6,6,77,17,5,False,1
1940,7,5,77,17,6,False,1
1940,8,4,77,17,7,False,1
1940,9,2,77,17,8,False,1
1940,10,1,77,17,9,False,1
1940,10,31,77,17,10,False,1
1940,11,29,77,17,11,False,1
1940,12,29,77,17,12,False,1
1941,1,27,77,18,1,False,1
1941,2,26,77,18,2,False,1
1941,3,28,77,18,3,False,1
1941,4,26,77,18,4,False,1
1941,5,26,77,18,5,False,1
1941,6,25,77,18,6,False,1
1941,7,24,77,18,6,True,1
1941,8,23,77,18,7,False,1
1941,9,21,77,18,8,False,1
1941,10,20,77,18,9,False,1
1941,11,19,77,18,10,False,1
1941,12,18,77,18,11,False,1
1942,1,17,77,18,12,False,1
1942,2,15,77,19,1,False,1
1942,3,17,77,19,2,False,1
1942,4,15,77,19,3,False,1
1942,5,15,77,19,4,False,1
1942,6,14,77,19,5,False,1
1942,7,13,77,19,6,False,1
1942,8,12,77,19,7,False,1
1942,9,10,77,19,8,False,1
1942,10,10,77,19,9,False,1
1942,11,8,77,19,10,False,1
1942,12,8,77,19,11,False,1
1943,1,6,77,19,12,False,1
1943,2,5,77,20,1,False,1
1943,3,6,77,20,2,False,1
1943,4,5,77,20,3,False,1
1943,5,4,77,20,4,False,1
1943,6,3,77,20,5,False,1
1943,7,2,77,20,6,False,1
1943,8,1,77,20,7,False,1
1943,8,31,77,20,8,False,1
1943,9,29,77,20,9,False,1
1943,10,29,77,20,10,False,1
1943,11,27,77,20,11,False,1
1943,12,27,77,20,12,False,1
1944,1,25,77,21,1,False,1
1944,2,24,77,21,2,False,1
1944,3,24,77,21,3,False,1
1944,4,23,77,21,4,False,1
1944,5,22,77,21,4,True,1
1944,6,21,77,21,5,False,1
1944,7,20,77,21,6,False,1
1944,8,19,77,21,7,False,1
1944,9,17,77,21,8,False,1
1944,10,17,77,21,9,False,1
1944,11,16,77,21,10,False,1
1944,12,15,77,21,11,False,1
1945,1,14,77,21,12,False,1
1945,2,13,77,22,1,False,1
1945,3,14,77,22,2,False,1
1945,4,12,77,22,3,False,1
1945,5,12,77,22,4,False,1
1945,6,10,77,22,5,False,1
1945,7,9,77,22,6,False,1
1945,8,8,77,22,7,False,1
1945,9,6,77,22,8,False,1
1945,10,6,77,22,9,False,1
1945,11,5,77,22,10,False,1
1945,12,5,77,22,11,False,1
1946,1,3,77,22,12,False,1
1946,2,2,77,23,1,False,1
1946,3,4,77,23,2,False,1
1946,4,2,77,23,3,False,1
1946,5,1,77,23,4,False,1
1946,5,31,77,23,5,False,1
1946,6,29,77,23,6,False,1
1946,7,28,77,23,7,False,1
1946,8,27,77,23,8,False,1
1946,9,25,77,23,9,False,1
1946,10,25,77,23,10,False,1
1946,11,24,77,23,11,False,1
1946,12,23,77,23,12,False,1
1947,1,22,77,24,1,False,1
1947,2,21,77,24,2,False,1
1947,3,23,77,24,2,True,1
1947,4,21,77,24,3,False,1
1947,5,20,77,24,4,False,1
1947,6,19,77,24,5,False,1
1947,7,18,77,24,6,False,1
1947,8,16,77,24,7,False,1
1947,9,15,77,24,8,False,1
1947,10,14,77,24,9,False,1
1947,11,13,77,24,10,False,1
1947,12,12,77,24,11,False,1
1948,1,11,77,24,12,False,1
1948,2,10,77,25,1,False,1
1948,3,11,77,25,2,False,1
1948,4,9,77,25,3,False,1
1948,5,9,77,25,4,False,1
1948,6,7,77,25,5,False,1
1948,7,7,77,25,6,False,1
1948,8,5,77,25,7,False,1
1948,9,3,77,25,8,False,1
1948,10,3,77,25,9,False,1
1948,11,1,77,25,10,False,1
1948,12,1,77,25,11,False,1
1948,12,30,77,25,12,False,1
1949,1,29,77,26,1,False,1
1949,2,28,77,26,2,False,1
1949,3,29,77,26,3,False,1
1949,4,28,77,26,4,False,1
1949,5,28,77,26,5,False,1
1949,6,26,77,26,6,False,1
1949,7,26,77,26,7,False,1
1949,8,24,77,26,7,True,1
1949,9,22,77,26,8,False,1
1949,10,22,77,26,9,False,1
1949,11,20,77,26,10,False,1
1949,12,20,77,26,11,False,1
1950,1,18,77,26,12,False,1
1950,2,17,77,27,1,False,1
1950,3,18,77,27,2,False,1
1950,4,17,77,27,3,False,1
1950,5,17,77,27,4,False,1
1950,6,15,77,27,5,False,1
1950,7,15,77,27,6,False,1
1950,8,14,77,27,7,False,1
1950,9,12,77,27,8,False,1
1950,10,11,77,27,9,False,1
1950,11,10,77,27,10,False,1
1950,12,9,77,27,11,False,1
1951,1,8,77,27,12,False,1
1951,2,6,77,28,1,False,1
1951,3,8,77,28,2,False,1
1951,4,6,77,28,3,False,1
1951,5,6,77,28,4,False,1
1951,6,5,77,28,5,False,1
1951,7,4,77,28,6,False,1
1951,8,3,77,28,7,False,1
1951,9,1,77,28,8,False,1
1951,10,1,77,28,9,False,1
1951,10,30,77,28,10,False,1
1951,11,29,77,28,11,False,1
1951,12,28,77,28,12,False,1
1952,1,27,77,29,1,False,1
1952,2,25,77,29,2,False,1
1952,3,26,77,29,3,False,1
1952,4,24,77,29,4,False,1
1952,5,24,77,29,5,False,1
1952,6,22,77,29,5,True,1
1952,7,22,77,29,6,False,1
1952,8,20,77,29,7,False,1
1952,9,19,77,29,8,False,1
1952,10,19,77,29,9,False,1
1952,11,17,77,29,10,False,1
1952,12,17,77,29,11,False,1
1953,1,15,77,29,12,False,1
1953,2,14,77,30,1,False,1
1953,3,15,77,30,2,False,1
1953,4,14,77,30,3,False,1
1953,5,13,77,30,4,False,1
1953,6,11,77,30,5,False,1
1953,7,11,77,30,6,False,1
1953,8,10,77,30,7,False,1
1953,9,8,77,30,8,False,1
1953,10,8,77,30,9,False,1
1953,11,7,77,30,10,False,1
1953,12,6,77,30,11,False,1
1954,1,5,77,30,12,False,1
1954,2,3,77,31,1,False,1
1954,3,5,77,31,2,False,1
1954,4,3,77,31,3,False,1
1954,5,3,77,31,4,False,1
1954,6,1,77,31,5,False,1
1954,6,30,77,31,6,False,1
1954,7,30,77,31,7,False,1
1954,8,28,77,31,8,False,1
1954,9,27,77,31,9,False,1
1954,10,27,77,31,10,False,1
1954,11,25,77,31,11,False,1
1954,12,25,77,31,12,False,1
1955,1,24,77,32,1,False,1
1955,2,22,77,32,2,False,1
1955,3,24,77,32,3,False,1
1955,4,22,77,32,3,True,1
1955,5,22,77,32,4,False,1
1955,6,20,77,32,5,False,1
1955,7,19,77,32,6,False,1
1955,8,18,77,32,7,False,1
1955,9,16,77,32,8,False,1
1955,10,16,77,32,9,False,1
1955,11,14,77,32,10,False,1
1955,12,14,77,32,11,False,1
1956,1,13,77,32,12,False,1
1956,2,12,77,33,1,False,1
1956,3,12,77,33,2,False,1
1956,4,11,77,33,3,False,1
1956,5,10,77,33,4,False,1
1956,6,9,77,33,5,False,1
1956,7,8,77,33,6,False,1
1956,8,6,77,33,7,False,1
1956,9,5,77,33,8,False,1
1956,10,4,77,33,9,False,1
1956,11,3,77,33,10,False,1
1956,12,2,77,33,11,False,1
1957,1,1,77,33,12,False,1
1957,1,31,77,34,1,False,1
1957,3,2,77,34,2,False,1
1957,3,31,77,34,3,False,1
1957,4,30,77,34,4,False,1
1957,5,29,77,34,5,False,1
1957,6,28,77,34,6,False,1
1957,7,27,77,34,7,False,1
1957,8,25,77,34,8,False,1
1957,9,24,77,34,8,True,1
1957,10,23,77,34,9,False,1
1957,11,22,77,34,10,False,1
1957,12,21,77,34,11,False,1
1958,1,20,77,34,12,False,1
1958,2,18,77,35,1,False,1
1958,3,20,77,35,2,False,1
1958,4,19,77,35,3,False,1
1958,5,19,77,35,4,False,1
1958,6,17,77,35,5,False,1
1958,7,17,77,35,6,False,1
1958,8,15,77,35,7,False,1
1958,9,13,77,35,8,False,1
1958,10,13,77,35,9,False,1
1958,11,11,77,35,10,False,1
1958,12,11,77,35,11,False,1
1959,1,9,77,35,12,False,1
1959,2,8,77,36,1,False,1
1959,3,9,77,36,2,False,1
1959,4,8,77,36,3,False,1
1959,5,8,77,36,4,False,1
1959,6,6,77,36,5,False,1
1959,7,6,77,36,6,False,1
1959,8,4,77,36,7,False,1
1959,9,3,77,36,8,False,1
1959,10,2,77,36,9,False,1
1959,11,1,77,36,10,False,1
1959,11,30,77,36,11,False,1
1959,12,30,77,36,12,False,1
1960,1,28,77,37,1,False,1
1960,2,27,77,37,2,False,1
1960,3,27,77,37,3,False,1
1960,4,26,77,37,4,False,1
1960,5,25,77,37,5,False,1
1960,6,24,77,37,6,False,1
1960,7,24,77,37,6,True,1
1960,8,22,77,37,7,False,1
1960,9,21,77,37,8,False,1
1960,10,20,77,37,9,False,1
1960,11,19,77,37,10,False,1
1960,12,18,77,37,11,False,1
1961,1,17,77,37,12,False,1
1961,2,15,77,38,1,False,1
1961,3,17,77,38,2,False,1
1961,4,15,77,38,3,False,1
1961,5,15,77,38,4,False,1
1961,6,13,77,38,5,False,1
1961,7,13,77,38,6,False,1
1961,8,11,77,38,7,False,1
1961,9,10,77,38,8,False,1
1961,10,10,77,38,9,False,1
1961,11,8,77,38,10,False,1
1961,12,8,77,38,11,False,1
1962,1,6,77,38,12,False,1
1962,2,5,77,39,1,False,1
1962,3,6,77,39,2,False,1
1962,4,5,77,39,3,False,1
1962,5,4,77,39,4,False,1
1962,6,2,77,39,5,False,1
1962,7,2,77,39,6,False,1
1962,7,31,77,39,7,False,1
1962,8,30,77,39,8,False,1
1962,9,29,77,39,9,False,1
1962,10,28,77,39,10,False,1
1962,11,27,77,39,11,False,1
1962,12,27,77,39,12,False,1
1963,1,25,77,40,1,False,1
1963,2,24,77,40,2,False,1
1963,3,25,77,40,3,False,1
1963,4,24,77,40,4,False,1
1963,5,23,77,40,4,True,1
1963,6,21,77,40,5,False,1
1963,7,21,77,40,6,False,1
1963,8,19,77,40,7,False,1
1963,9,18,77,40,8,False,1
1963,10,17,77,40,9,False,1
1963,11,16,77,40,10,False,1
1963,12,16,77,40,11,False,1
1964,1,15,77,40,12,False,1
1964,2,13,77,41,1,False,1
1964,3,14,77,41,2,False,1
1964,4,12,77,41,3,False,1
1964,5,12,77,41,4,False,1
1964,6,10,77,41,5,False,1
1964,7,9,77,41,6,False,1
1964,8,8,77,41,7,False,1
1964,9,6,77,41,8,False,1
1964,10,6,77,41,9,False,1
1964,11,4,77,41,10,False,1
1964,12,4,77,41,11,False,1
1965,1,3,77,41,12,False,1
1965,2,2,77,42,1,False,1
1965,3,3,77,42,2,False,1
1965,4,2,77,42,3,False,1
1965,5,1,77,42,4,False,1
1965,5,31,77,42,5,False,1
1965,6,29,77,42,6,False,1
1965,7,28,77,42,7,False,1
1965,8,27,77,42,8,False,1
1965,9,25,77,42,9,False,1
1965,10,24,77,42,10,False,1
1965,11,23,77,42,11,False,1
1965,12,23,77,42,12,False,1
1966,1,21,77,43,1,False,1
1966,2,20,77,43,2,False,1
1966,3,22,77,43,3,False,1
1966,4,21,77,43,3,True,1
1966,5,20,77,43,4,False,1
1966,6,19,77,43,5,False,1
1966,7,18,77,43,6,False,1
1966,8,16,77,43,7,False,1
1966,9,15,77,43,8,False,1
1966,10,14,77,43,9,False,1
1966,11,12,77,43,10,False,1
1966,12,12,77,43,11,False,1
1967,1,11,77,43,12,False,1
1967,2,9,77,44,1,False,1
1967,3,11,77,44,2,False,1
1967,4,10,77,44,3,False,1
1967,5,9,77,44,4,False,1
1967,6,8,77,44,5,False,1
1967,7,8,77,44,6,False,1
1967,8,6,77,44,7,False,1
1967,9,4,77,44,8,False,1
1967,10,4,77,44,9,False,1
1967,11,2,77,44,10,False,1
1967,12,2,77,44,11,False,1
1967,12,31,77,44,12,False,1
1968,1,30,77,45,1,False,1
1968,2,28,77,45,2,False,1
1968,3,29,77,45,3,False,1
1968,4,27,77,45,4,False,1
1968,5,27,77,45,5,False,1
1968,6,26,77,45,6,False,1
1968,7,25,77,45,7,False,1
1968,8,24,77,45,7,True,1
1968,9,22,77,45,8,False,1
1968,10,22,77,45,9,False,1
1968,11,20,77,45,10,False,1
1968,12,20,77,45,11,False,1
1969,1,18,77,45,12,False,1
1969,2,17,77,46,1,False,1
1969,3,18,77,46,2,False,1
1969,4,17,77,46,3,False,1
1969,5,16,77,46,4,False,1
1969,6,15,77,46,5,False,1
1969,7,14,77,46,6,False,1
1969,8,13,77,46,7,False,1
1969,9,12,77,46,8,False,1
1969,10,11,77,46,9,False,1
1969,11,10,77,46,10,False,1
1969,12,9,77,46,11,False,1
1970,1,8,77,46,12,False,1
1970,2,6,77,47,1,False,1
1970,3,8,77,47,2,False,1
1970,4,6,77,47,3,False,1
1970,5,5,77,47,4,False,1
1970,6,4,77,47,5,False,1
1970,7,3,77,47,6,False,1
1970,8,2,77,47,7,False,1
1970,9,1,77,47,8,False,1
1970,9,30,77,47,9,False,1
1970,10,30,77,47,10,False,1
1970,11,29,77,47,11,False,1
1970,12,28,77,47,12,False,1
1971,1,27,77,48,1,False,1
1971,2,25,77,48,2,False,1
1971,3,27,77,48,3,False,1
1971,4,25,77,48,4,False,1
1971,5,24,77,48,5,False,1
1971,6,23,77,48,5,True,1
1971,7,22,77,48,6,False,1
1971,8,21,77,48,7,False,1
1971,9,19,77,48,8,False,1
1971,10,19,77,48,9,False,1
1971,11,18,77,48,10,False,1
1971,12,18,77,48,11,False,1
1972,1,16,77,48,12,False,1
1972,2,15,77,49,1,False,1
1972,3,15,77,49,2,False,1
1972,4,14,77,49,3,False,1
1972,5,13,77,49,4,False,1
1972,6,11,77,49,5,False,1
1972,7,11,77,49,6,False,1
1972,8,9,77,49,7,False,1
1972,9,8,77,49,8,False,1
1972,10,7,77,49,9,False,1
1972,11,6,77,49,10,False,1
1972,12,6,77,49,11,False,1
1973,1,4,77,49,12,False,1
1973,2,3,77,50,1,False,1
1973,3,5,77,50,2,False,1
1973,4,3,77,50,3,False,1
1973,5,3,77,50,4,False,1
1973,6,1,77,50,5,False,1
1973,6,30,77,50,6,False,1
1973,7,30,77,50,7,False,1
1973,8,28,77,50,8,False,1
1973,9,26,77,50,9,False,1
1973,10,26,77,50,10,False,1
1973,11,25,77,50,11,False,1
1973,12,24,77,50,12,False,1
1974,1,23,77,51,1,False,1
1974,2,22,77,51,2,False,1
1974,3,24,77,51,3,False,1
1974,4,22,77,51,4,False,1
1974,5,22,77,51,4,True,1
1974,6,20,77,51,5,False,1
1974,7,19,77,51,6,False,1
1974,8,18,77,51,7,False,1
1974,9,16,77,51,8,False,1
1974,10,15,77,51,9,False,1
1974,11,14,77,51,10,False,1
1974,12,14,77,51,11,False,1
1975,1,12,77,51,12,False,1
1975,2,11,77,52,1,False,1
1975,3,13,77,52,2,False,1
1975,4,12,77,52,3,False,1
1975,5,11,77,52,4,False,1
1975,6,10,77,52,5,False,1
1975,7,9,77,52,6,False,1
1975,8,7,77,52,7,False,1
1975,9,6,77,52,8,False,1
1975,10,5,77,52,9,False,1
1975,11,3,77,52,10,False,1
1975,12,3,77,52,11,False,1
1976,1,1,77,52,12,False,1
1976,1,31,77,53,1,False,1
1976,3,1,77,53,2,False,1
1976,3,31,77,53,3,False,1
1976,4,29,77,53,4,False,1
1976,5,29,77,53,5,False,1
1976,6,27,77,53,6,False,1
1976,7,27,77,53,7,False,1
1976,8,25,77,53,8,False,1
1976,9,24,77,53,8,True,1
1976,10,23,77,53,9,False,1
1976,11,21,77,53,10,False,1
1976,12,21,77,53,11,False,1
1977,1,19,77,53,12,False,1
1977,2,18,77,54,1,False,1
1977,3,20,77,54,2,False,1
1977,4,18,77,54,3,False,1
1977,5,18,77,54,4,False,1
1977,6,17,77,54,5,False,1
1977,7,16,77,54,6,False,1
1977,8,15,77,54,7,False,1
1977,9,13,77,54,8,False,1
1977,10,13,77,54,9,False,1
1977,11,11,77,54,10,False,1
1977,12,11,77,54,11,False,1
1978,1,9,77,54,12,False,1
1978,2,7,77,55,1,False,1
1978,3,9,77,55,2,False,1
1978,4,7,77,55,3,False,1
1978,5,7,77,55,4,False,1
1978,6,6,77,55,5,False,1
1978,7,5,77,55,6,False,1
1978,8,4,77,55,7,False,1
1978,9,3,77,55,8,False,1
1978,10,2,77,55,9,False,1
1978,11,1,77,55,10,False,1
1978,11,30,77,55,11,False,1
1978,12,30,77,55,12,False,1
1979,1,28,77,56,1,False,1
1979,2,27,77,56,2,False,1
1979,3,28,77,56,3,False,1
1979,4,26,77,56,4,False,1
1979,5,26,77,56,5,False,1
1979,6,24,77,56,6,False,1
1979,7,24,77,56,6,True,1
1979,8,23,77,56,7,False,1
1979,9,21,77,56,8,False,1
1979,10,21,77,56,9,False,1
1979,11,20,77,56,10,False,1
1979,12,19,77,56,11,False,1
1980,1,18,77,56,12,False,1
1980,2,16,77,57,1,False,1
1980,3,17,77,57,2,False,1
1980,4,15,77,57,3,False,1
1980,5,14,77,57,4,False,1
1980,6,13,77,57,5,False,1
1980,7,12,77,57,6,False,1
1980,8,11,77,57,7,False,1
1980,9,9,77,57,8,False,1
1980,10,9,77,57,9,False,1
1980,11,8,77,57,10,False,1
1980,12,7,77,57,11,False,1
1981,1,6,77,57,12,False,1
1981,2,5,77,58,1,False,1
1981,3,6,77,58,2,False,1
1981,4,5,77,58,3,False,1
1981,5,4,77,58,4,False,1
1981,6,2,77,58,5,False,1
1981,7,2,77,58,6,False,1
1981,7,31,77,58,7,False,1
1981,8,29,77,58,8,False,1
1981,9,28,77,58,9,False,1
1981,10,28,77,58,10,False,1
1981,11,26,77,58,11,False,1
1981,12,26,77,58,12,False,1
1982,1,25,77,59,1,False,1
1982,2,24,77,59,2,False,1
1982,3,25,77,59,3,False,1
1982,4,24,77,59,4,False,1
1982,5,23,77,59,4,True,1
1982,6,21,77,59,5,False,1
1982,7,21,77,59,6,False,1
1982,8,19,77,59,7,False,1
1982,9,17,77,59,8,False,1
1982,10,17,77,59,9,False,1
1982,11,15,77,59,10,False,1
1982,12,15,77,59,11,False,1
1983,1,14,77,59,12,False,1
1983,2,13,77,60,1,False,1
1983,3,15,77,60,2,False,1
1983,4,13,77,60,3,False,1
1983,5,13,77,60,4,False,1
1983,6,11,77,60,5,False,1
1983,7,10,77,60,6,False,1
1983,8,9,77,60,7,False,1
1983,9,7,77,60,8,False,1
1983,10,6,77,60,9,False,1
1983,11,5,77,60,10,False,1
1983,12,4,77,60,11,False,1
1984,1,3,77,60,12,False,1
1984,2,2,78,1,1,False,1
1984,3,3,78,1,2,False,1
1984,4,1,78,1,3,False,1
1984,5,1,78,1,4,False,1
1984,5,31,78,1,5,False,1
1984,6,29,78,1,6,False,1
1984,7,28,78,1,7,False,1
1984,8,27,78,1,8,False,1
1984,9,25,78,1,9,False,1
1984,10,24,78,1,10,False,1
1984,11,23,78,1,10,True,1
1984,12,22,78,1,11,False,1
1985,1,21,78,1,12,False,1
1985,2,20,78,2,1,False,1
1985,3,21,78,2,2,False,1
1985,4,20,78,2,3,False,1
1985,5,20,78,2,4,False,1
1985,6,18,78,2,5,False,1
1985,7,18,78,2,6,False,1
1985,8,16,78,2,7,False,1
1985,9,15,78,2,8,False,1
1985,10,14,78,2,9,False,1
1985,11,12,78,2,10,False,1
1985,12,12,78,2,11,False,1
1986,1,10,78,2,12,False,1
1986,2,9,78,3,1,False,1
1986,3,10,78,3,2,False,1
1986,4,9,78,3,3,False,1
1986,5,9,78,3,4,False,1
1986,6,7,78,3,5,False,1
1986,7,7,78,3,6,False,1
1986,8,6,78,3,7,False,1
1986,9,4,78,3,8,False,1
1986,10,4,78,3,9,False,1
1986,11,2,78,3,10,False,1
1986,12,2,78,3,11,False,1
1986,12,31,78,3,12,False,1
1987,1,29,78,4,1,False,1
1987,2,28,78,4,2,False,1
1987,3,29,78,4,3,False,1
1987,4,28,78,4,4,False,1
1987,5,27,78,4,5,False,1
1987,6,26,78,4,6,False,1
1987,7,26,78,4,6,True,1
1987,8,24,78,4,7,False,1
1987,9,23,78,4,8,False,1
1987,10,23,78,4,9,False,1
1987,11,21,78,4,10,False,1
1987,12,21,78,4,11,False,1
1988,1,19,78,4,12,False,1
1988,2,17,78,5,1,False,1
1988,3,18,78,5,2,False,1
1988,4,16,78,5,3,False,1
1988,5,16,78,5,4,False,1
1988,6,14,78,5,5,False,1
1988,7,14,78,5,6,False,1
1988,8,12,78,5,7,False,1
1988,9,11,78,5,8,False,1
1988,10,11,78,5,9,False,1
1988,11,9,78,5,10,False,1
1988,12,9,78,5,11,False,1
1989,1,8,78,5,12,False,1
1989,2,6,78,6,1,False,1
1989,3,8,78,6,2,False,1
1989,4,6,78,6,3,False,1
1989,5,5,78,6,4,False,1
1989,6,4,78,6,5,False,1
1989,7,3,78,6,6,False,1
1989,8,2,78,6,7,False,1
1989,8,31,78,6,8,False,1
1989,9,30,78,6,9,False,1
1989,10,29,78,6,10,False,1
1989,11,28,78,6,11,False,1
1989,12,28,78,6,12,False,1
1990,1,27,78,7,1,False,1
1990,2,25,78,7,2,False,1
1990,3,27,78,7,3,False,1
1990,4,25,78,7,4,False,1
1990,5,24,78,7,5,False,1
1990,6,23,78,7,5,True,1
1990,7,22,78,7,6,False,1
1990,8,20,78,7,7,False,1
1990,9,19,78,7,8,False,1
1990,10,18,78,7,9,False,1
1990,11,17,78,7,10,False,1
1990,12,17,78,7,11,False,1
1991,1,16,78,7,12,False,1
1991,2,15,78,8,1,False,1
1991,3,16,78,8,2,False,1
1991,4,15,78,8,3,False,1
1991,5,14,78,8,4,False,1
1991,6,12,78,8,5,False,1
1991,7,12,78,8,6,False,1
1991,8,10,78,8,7,False,1
1991,9,8,78,8,8,False,1
1991,10,8,78,8,9,False,1
1991,11,6,78,8,10,False,1
1991,12,6,78,8,11,False,1
1992,1,5,78,8,12,False,1
1992,2,4,78,9,1,False,1
1992,3,4,78,9,2,False,1
1992,4,3,78,9,3,False,1
1992,5,3,78,9,4,False,1
1992,6,1,78,9,5,False,1
1992,6,30,78,9,6,False,1
1992,7,30,78,9,7,False,1
1992,8,28,78,9,8,False,1
1992,9,26,78,9,9,False,1
1992,10,26,78,9,10,False,1
1992,11,24,78,9,11,False,1
1992,12,24,78,9,12,False,1
1993,1,23,78,10,1,False,1
1993,2,21,78,10,2,False,1
1993,3,23,78,10,3,False,1
1993,4,22,78,10,3,True,1
1993,5,21,78,10,4,False,1
1993,6,20,78,10,5,False,1
1993,7,19,78,10,6,False,1
1993,8,18,78,10,7,False,1
1993,9,16,78,10,8,False,1
1993,10,15,78,10,9,False,1
1993,11,14,78,10,10,False,1
1993,12,13,78,10,11,False,1
1994,1,12,78,10,12,False,1
1994,2,10,78,11,1,False,1
1994,3,12,78,11,2,False,1
1994,4,11,78,11,3,False,1
1994,5,11,78,11,4,False,1
1994,6,9,78,11,5,False,1
1994,7,9,78,11,6,False,1
1994,8,7,78,11,7,False,1
1994,9,6,78,11,8,False,1
1994,10,5,78,11,9,False,1
1994,11,3,78,11,10,False,1
1994,12,3,78,11,11,False,1
1995,1,1,78,11,12,False,1
1995,1,31,78,12,1,False,1
1995,3,1,78,12,2,False,1
1995,3,31,78,12,3,False,1
1995,4,30,78,12,4,False,1
1995,5,29,78,12,5,False,1
1995,6,28,78,12,6,False,1
1995,7,27,78,12,7,False,1
1995,8,26,78,12,8,False,1
1995,9,25,78,12,8,True,1
1995,10,24,78,12,9,False,1
1995,11,22,78,12,10,False,1
1995,12,22,78,12,11,False,1
1996,1,20,78,12,12,False,1
1996,2,19,78,13,1,False,1
1996,3,19,78,13,2,False,1
1996,4,18,78,13,3,False,1
1996,5,17,78,13,4,False,1
1996,6,16,78,13,5,False,1
1996,7,16,78,13,6,False,1
1996,8,14,78,13,7,False,1
1996,9,13,78,13,8,False,1
1996,10,12,78,13,9,False,1
1996,11,11,78,13,10,False,1
1996,12,11,78,13,11,False,1
1997,1,9,78,13,12,False,1
1997,2,7,78,14,1,False,1
1997,3,9,78,14,2,False,1
1997,4,7,78,14,3,False,1
1997,5,7,78,14,4,False,1
1997,6,5,78,14,5,False,1
1997,7,5,78,14,6,False,1
1997,8,3,78,14,7,False,1
1997,9,2,78,14,8,False,1
1997,10,2,78,14,9,False,1
1997,10,31,78,14,10,False,1
1997,11,30,78,14,11,False,1
1997,12,30,78,14,12,False,1
1998,1,28,78,15,1,False,1
1998,2,27,78,15,2,False,1
1998,3,28,78,15,3,False,1
1998,4,26,78,15,4,False,1
1998,5,26,78,15,5,False,1
1998,6,24,78,15,5,True,1
1998,7,23,78,15,6,False,1
1998,8,22,78,15,7,False,1
1998,9,21,78,15,8,False,1
1998,10,20,78,15,9,False,1
1998,11,19,78,15,10,False,1
1998,12,19,78,15,11,False,1
1999,1,17,78,15,12,False,1
1999,2,16,78,16,1,False,1
1999,3,18,78,16,2,False,1
1999,4,16,78,16,3,False,1
1999,5,15,78,16,4,False,1
1999,6,14,78,16,5,False,1
1999,7,13,78,16,6,False,1
1999,8,11,78,16,7,False,1
1999,9,10,78,16,8,False,1
1999,10,9,78,16,9,False,1
1999,11,8,78,16,10,False,1
1999,12,8,78,16,11,False,1
2000,1,7,78,16,12,False,1
2000,2,5,78,17,1,False,1
2000,3,6,78,17,2,False,1
2000,4,5,78,17,3,False,1
2000,5,4,78,17,4,False,1
2000,6,2,78,17,5,False,1
2000,7,2,78,17,6,False,1
2000,7,31,78,17,7,False,1
2000,8,29,78,17,8,False,1
2000,9,28,78,17,9,False,1
2000,10,27,78,17,10,False,1
2000,11,26,78,17,11,False,1
2000,12,26,78,17,12,False,1
2001,1,24,78,18,1,False,1
2001,2,23,78,18,2,False,1
2001,3,25,78,18,3,False,1
2001,4,23,78,18,4,False,1
2001,5,23,78,18,4,True,1
2001,6,21,78,18,5,False,1
2001,7,21,78,18,6,False,1
2001,8,19,78,18,7,False,1
2001,9,17,78,18,8,False,1
2001,10,17,78,18,9,False,1
2001,11,15,78,18,10,False,1
2001,12,15,78,18,11,False,1
2002,1,13,78,18,12,False,1
2002,2,12,78,19,1,False,1
2002,3,14,78,19,2,False,1
2002,4,13,78,19,3,False,1
2002,5,12,78,19,4,False,1
2002,6,11,78,19,5,False,1
2002,7,10,78,19,6,False,1
2002,8,9,78,19,7,False,1
2002,9,7,78,19,8,False,1
2002,10,6,78,19,9,False,1
2002,11,5,78,19,10,False,1
2002,12,4,78,19,11,False,1
2003,1,3,78,19,12,False,1
2003,2,1,78,20,1,False,1
2003,3,3,78,20,2,False,1
2003,4,2,78,20,3,False,1
2003,5,1,78,20,4,False,1
2003,5,31,78,20,5,False,1
2003,6,30,78,20,6,False,1
2003,7,29,78,20,7,False,1
2003,8,28,78,20,8,False,1
2003,9,26,78,20,9,False,1
2003,10,25,78,20,10,False,1
2003,11,24,78,20,11,False,1
2003,12,23,78,20,12,False,1
2004,1,22,78,21,1,False,1
2004,2,20,78,21,2,False,1
2004,3,21,78,21,2,True,1
2004,4,19,78,21,3,False,1
2004,5,19,78,21,4,False,1
2004,6,18,78,21,5,False,1
2004,7,17,78,21,6,False,1
2004,8,16,78,21,7,False,1
2004,9,14,78,21,8,False,1
2004,10,14,78,21,9,False,1
2004,11,12,78,21,10,False,1
2004,12,12,78,21,11,False,1
2005,1,10,78,21,12,False,1
2005,2,9,78,22,1,False,1
2005,3,10,78,22,2,False,1
2005,4,9,78,22,3,False,1
2005,5,8,78,22,4,False,1
2005,6,7,78,22,5,False,1
2005,7,6,78,22,6,False,1
2005,8,5,78,22,7,False,1
2005,9,4,78,22,8,False,1
2005,10,3,78,22,9,False,1
2005,11,2,78,22,10,False,1
2005,12,1,78,22,11,False,1
2005,12,31,78,22,12,False,1
2006,1,29,78,23,1,False,1
2006,2,28,78,23,2,False,1
2006,3,29,78,23,3,False,1
2006,4,28,78,23,4,False,1
2006,5,27,78,23,5,False,1
2006,6,26,78,23,6,False,1
2006,7,25,78,23,7,False,1
2006,8,24,78,23,7,True,1
2006,9,22,78,23,8,False,1
2006,10,22,78,23,9,False,1
2006,11,21,78,23,10,False,1
2006,12,20,78,23,11,False,1
2007,1,19,78,23,12,False,1
2007,2,18,78,24,1,False,1
2007,3,19,78,24,2,False,1
2007,4,17,78,24,3,False,1
2007,5,17,78,24,4,False,1
2007,6,15,78,24,5,False,1
2007,7,14,78,24,6,False,1
2007,8,13,78,24,7,False,1
2007,9,11,78,24,8,False,1
2007,10,11,78,24,9,False,1
2007,11,10,78,24,10,False,1
2007,12,10,78,24,11,False,1
2008,1,8,78,24,12,False,1
2008,2,7,78,25,1,False,1
2008,3,8,78,25,2,False,1
2008,4,6,78,25,3,False,1
2008,5,5,78,25,4,False,1
2008,6,4,78,25,5,False,1
2008,7,3,78,25,6,False,1
2008,8,1,78,25,7,False,1
2008,8,31,78,25,8,False,1
2008,9,29,78,25,9,False,1
2008,10,29,78,25,10,False,1
2008,11,28,78,25,11,False,1
2008,12,27,78,25,12,False,1
2009,1,26,78,26,1,False,1
2009,2,25,78,26,2,False,1
2009,3,27,78,26,3,False,1
2009,4,25,78,26,4,False,1
2009,5,24,78,26,5,False,1
2009,6,23,78,26,5,True,1
2009,7,22,78,26,6,False,1
2009,8,20,78,26,7,False,1
2009,9,19,78,26,8,False,1
2009,10,18,78,26,9,False,1
2009,11,17,78,26,10,False,1
2009,12,16,78,26,11,False,1
2010,1,15,78,26,12,False,1
2010,2,14,78,27,1,False,1
2010,3,16,78,27,2,False,1
2010,4,14,78,27,3,False,1
2010,5,14,78,27,4,False,1
2010,6,12,78,27,5,False,1
2010,7,12,78,27,6,False,1
2010,8,10,78,27,7,False,1
2010,9,8,78,27,8,False,1
2010,10,8,78,27,9,False,1
2010,11,6,78,27,10,False,1
2010,12,6,78,27,11,False,1
2011,1,4,78,27,12,False,1
2011,2,3,78,28,1,False,1
2011,3,5,78,28,2,False,1
2011,4,3,78,28,3,False,1
2011,5,3,78,28,4,False,1
2011,6,2,78,28,5,False,1
2011,7,1,78,28,6,False,1
2011,7,31,78,28,7,False,1
2011,8,29,78,28,8,False,1
2011,9,27,78,28,9,False,1
2011,10,27,78,28,10,False,1
2011,11,25,78,28,11,False,1
2011,12,25,78,28,12,False,1
2012,1,23,78,29,1,False,1
2012,2,22,78,29,2,False,1
2012,3,22,78,29,3,False,1
2012,4,21,78,29,4,False,1
2012,5,21,78,29,4,True,1
2012,6,19,78,29,5,False,1
2012,7,19,78,29,6,False,1
2012,8,17,78,29,7,False,1
2012,9,16,78,29,8,False,1
2012,10,15,78,29,9,False,1
2012,11,14,78,29,10,False,1
2012,12,13,78,29,11,False,1
2013,1,12,78,29,12,False,1
2013,2,10,78,30,1,False,1
2013,3,12,78,30,2,False,1
2013,4,10,78,30,3,False,1
2013,5,10,78,30,4,False,1
2013,6,8,78,30,5,False,1
2013,7,8,78,30,6,False,1
2013,8,7,78,30,7,False,1
2013,9,5,78,30,8,False,1
2013,10,5,78,30,9,False,1
2013,11,3,78,30,10,False,1
2013,12,3,78,30,11,False,1
2014,1,1,78,30,12,False,1
2014,1,31,78,31,1,False,1
2014,3,1,78,31,2,False,1
2014,3,31,78,31,3,False,1
2014,4,29,78,31,4,False,1
2014,5,29,78,31,5,False,1
2014,6,27,78,31,6,False,1
2014,7,27,78,31,7,False,1
2014,8,25,78,31,8,False,1
2014,9,24,78,31,9,False,1
2014,10,24,78,31,9,True,1
2014,11,22,78,31,10,False,1
2014,12,22,78,31,11,False,1
2015,1,20,78,31,12,False,1
2015,2,19,78,32,1,False,1
2015,3,20,78,32,2,False,1
2015,4,19,78,32,3,False,1
2015,5,18,78,32,4,False,1
2015,6,16,78,32,5,False,1
2015,7,16,78,32,6,False,1
2015,8,14,78,32,7,False,1
2015,9,13,78,32,8,False,1
2015,10,13,78,32,9,False,1
2015,11,12,78,32,10,False,1
2015,12,11,78,32,11,False,1
2016,1,10,78,32,12,False,1
2016,2,8,78,33,1,False,1
2016,3,9,78,33,2,False,1
2016,4,7,78,33,3,False,1
2016,5,7,78,33,4,False,1
2016,6,5,78,33,5,False,1
2016,7,4,78,33,6,False,1
2016,8,3,78,33,7,False,1
2016,9,1,78,33,8,False,1
2016,10,1,78,33,9,False,1
2016,10,31,78,33,10,False,1
2016,11,29,78,33,11,False,1
2016,12,29,78,33,12,False,1
2017,1,28,78,34,1,False,1
2017,2,26,78,34,2,False,1
2017,3,28,78,34,3,False,1
2017,4,26,78,34,4,False,1
2017,5,26,78,34,5,False,1
2017,6,24,78,34,6,False,1
2017,7,23,78,34,6,True,1
2017,8,22,78,34,7,False,1
2017,9,20,78,34,8,False,1
2017,10,20,78,34,9,False,1
2017,11,18,78,34,10,False,1
2017,12,18,78,34,11,False,1
2018,1,17,78,34,12,False,1
2018,2,16,78,35,1,False,1
2018,3,17,78,35,2,False,1
2018,4,16,78,35,3,False,1
2018,5,15,78,35,4,False,1
2018,6,14,78,35,5,False,1
2018,7,13,78,35,6,False,1
2018,8,11,78,35,7,False,1
2018,9,10,78,35,8,False,1
2018,10,9,78,35,9,False,1
2018,11,8,78,35,10,False,1
2018,12,7,78,35,11,False,1
2019,1,6,78,35,12,False,1
2019,2,5,78,36,1,False,1
2019,3,7,78,36,2,False,1
2019,4,5,78,36,3,False,1
2019,5,5,78,36,4,False,1
2019,6,3,78,36,5,False,1
2019,7,3,78,36,6,False,1
2019,8,1,78,36,7,False,1
2019,8,30,78,36,8,False,1
2019,9,29,78,36,9,False,1
2019,10,28,78,36,10,False,1
2019,11,26,78,36,11,False,1
2019,12,26,78,36,12,False,1
2020,1,25,78,37,1,False,1
2020,2,23,78,37,2,False,1
2020,3,24,78,37,3,False,1
2020,4,23,78,37,4,False,1
2020,5,23,78,37,4,True,1
2020,6,21,78,37,5,False,1
2020,7,21,78,37,6,False,1
2020,8,19,78,37,7,False,1
2020,9,17,78,37,8,False,1
2020,10,17,78,37,9,False,1
2020,11,15,78,37,10,False,1
2020,12,15,78,37,11,False,1
2021,1,13,78,37,12,False,1
2021,2,12,78,38,1,False,1
2021,3,13,78,38,2,False,1
2021,4,12,78,38,3,False,1
2021,5,12,78,38,4,False,1
2021,6,10,78,38,5,False,1
2021,7,10,78,38,6,False,1
2021,8,8,78,38,7,False,1
2021,9,7,78,38,8,False,1
2021,10,6,78,38,9,False,1
2021,11,5,78,38,10,False,1
2021,12,4,78,38,11,False,1
2022,1,3,78,38,12,False,1
2022,2,1,78,39,1,False,1
2022,3,3,78,39,2,False,1
2022,4,1,78,39,3,False,1
2022,5,1,78,39,4,False,1
2022,5,30,78,39,5,False,1
2022,6,29,78,39,6,False,1
2022,7,29,78,39,7,False,1
2022,8,27,78,39,8,False,1
2022,9,26,78,39,9,False,1
2022,10,25,78,39,10,False,1
2022,11,24,78,39,11,False,1
2022,12,23,78,39,12,False,1
2023,1,22,78,40,1,False,1
2023,2,20,78,40,2,False,1
2023,3,22,78,40,2,True,1
2023,4,20,78,40,3,False,1
2023,5,19,78,40,4,False,1
2023,6,18,78,40,5,False,1
2023,7,18,78,40,6,False,1
2023,8,16,78,40,7,False,1
2023,9,15,78,40,8,False,1
2023,10,15,78,40,9,False,1
2023,11,13,78,40,10,False,1
2023,12,13,78,40,11,False,1
2024,1,11,78,40,12,False,1
2024,2,10,78,41,1,False,1
2024,3,10,78,41,2,False,1
2024,4,9,78,41,3,False,1
2024,5,8,78,41,4,False,1
2024,6,6,78,41,5,False,1
2024,7,6,78,41,6,False,1
2024,8,4,78,41,7,False,1
2024,9,3,78,41,8,False,1
2024,10,3,78,41,9,False,1
2024,11,1,78,41,10,False,1
2024,12,1,78,41,11,False,1
2024,12,31,78,41,12,False,1
2025,1,29,78,42,1,False,1
2025,2,28,78,42,2,False,1
2025,3,29,78,42,3,False,1
2025,4,28,78,42,4,False,1
2025,5,27,78,42,5,False,1
2025,6,25,78,42,6,False,1
2025,7,25,78,42,6,True,1
2025,8,23,78,42,7,False,1
2025,9,22,78,42,8,False,1
2025,10,21,78,42,9,False,1
2025,11,20,78,42,10,False,1
2025,12,20,78,42,11,False,1
2026,1,19,78,42,12,False,1
2026,2,17,78,43,1,False,1
2026,3,19,78,43,2,False,1
2026,4,17,78,43,3,False,1
2026,5,17,78,43,4,False,1
2026,6,15,78,43,5,False,1
2026,7,14,78,43,6,False,1
2026,8,13,78,43,7,False,1
2026,9,11,78,43,8,False,1
2026,10,10,78,43,9,False,1
2026,11,9,78,43,10,False,1
2026,12,9,78,43,11,False,1
2027,1,8,78,43,12,False,1
2027,2,6,78,44,1,False,1
2027,3,8,78,44,2,False,1
2027,4,7,78,44,3,False,1
2027,5,6,78,44,4,False,1
2027,6,5,78,44,5,False,1
2027,7,4,78,44,6,False,1
2027,8,2,78,44,7,False,1
2027,9,1,78,44,8,False,1
2027,9,30,78,44,9,False,1
2027,10,29,78,44,10,False,1
2027,11,28,78,44,11,False,1
2027,12,28,78,44,12,False,1
2028,1,26,78,45,1,False,1
2028,2,25,78,45,2,False,1
2028,3,26,78,45,3,False,1
2028,4,25,78,45,4,False,1
2028,5,24,78,45,5,False,1
2028,6,23,78,45,5,True,1
2028,7,22,78,45,6,False,1
2028,8,20,78,45,7,False,1
2028,9,19,78,45,8,False,1
2028,10,18,78,45,9,False,1
2028,11,16,78,45,10,False,1
2028,12,16,78,45,11,False,1
2029,1,15,78,45,12,False,1
2029,2,13,78,46,1,False,1
2029,3,15,78,46,2,False,1
2029,4,14,78,46,3,False,1
2029,5,13,78,46,4,False,1
2029,6,12,78,46,5,False,1
2029,7,11,78,46,6,False,1
2029,8,10,78,46,7,False,1
2029,9,8,78,46,8,False,1
2029,10,8,78,46,9,False,1
2029,11,6,78,46,10,False,1
2029,12,5,78,46,11,False,1
2030,1,4,78,46,12,False,1
2030,2,3,78,47,1,False,1
2030,3,4,78,47,2,False,1
2030,4,3,78,47,3,False,1
2030,5,2,78,47,4,False,1
2030,6,1,78,47,5,False,1
2030,7,1,78,47,6,False,1
2030,7,30,78,47,7,False,1
2030,8,29,78,47,8,False,1
2030,9,27,78,47,9,False,1
2030,10,27,78,47,10,False,1
2030,11,25,78,47,11,False,1
2030,12,25,78,47,12,False,1
2031,1,23,78,48,1,False,1
2031,2,21,78,48,2,False,1
2031,3,23,78,48,3,False,1
2031,4,22,78,48,3,True,1
2031,5,21,78,48,4,False,1
2031,6,20,78,48,5,False,1
2031,7,19,78,48,6,False,1
2031,8,18,78,48,7,False,1
2031,9,17,78,48,8,False,1
2031,10,16,78,48,9,False,1
2031,11,15,78,48,10,False,1
2031,12,14,78,48,11,False,1
2032,1,13,78,48,12,False,1
2032,2,11,78,49,1,False,1
2032,3,12,78,49,2,False,1
2032,4,10,78,49,3,False,1
2032,5,9,78,49,4,False,1
2032,6,8,78,49,5,False,1
2032,7,7,78,49,6,False,1
2032,8,6,78,49,7,False,1
2032,9,5,78,49,8,False,1
2032,10,4,78,49,9,False,1
2032,11,3,78,49,10,False,1
2032,12,3,78,49,11,False,1
2033,1,1,78,49,12,False,1
2033,1,31,78,50,1,False,1
2033,3,1,78,50,2,False,1
2033,3,31,78,50,3,False,1
2033,4,29,78,50,4,False,1
2033,5,28,78,50,5,False,1
2033,6,27,78,50,6,False,1
2033,7,26,78,50,7,False,1
2033,8,25,78,50,8,False,1
2033,9,23,78,50,9,False,1
2033,10,23,78,50,10,False,1
2033,11,22,78,50,11,False,1
2033,12,22,78,50,11,True,1
2034,1,20,78,50,12,False,1
2034,2,19,78,51,1,False,1
2034,3,20,78,51,2,False,1
2034,4,19,78,51,3,False,1
2034,5,18,78,51,4,False,1
2034,6,16,78,51,5,False,1
2034,7,16,78,51,6,False,1
2034,8,14,78,51,7,False,1
2034,9,13,78,51,8,False,1
2034,10,12,78,51,9,False,1
2034,11,11,78,51,10,False,1
2034,12,11,78,51,11,False,1
2035,1,9,78,51,12,False,1
2035,2,8,78,52,1,False,1
2035,3,10,78,52,2,False,1
2035,4,8,78,52,3,False,1
2035,5,8,78,52,4,False,1
2035,6,6,78,52,5,False,1
2035,7,5,78,52,6,False,1
2035,8,4,78,52,7,False,1
2035,9,2,78,52,8,False,1
2035,10,1,78,52,9,False,1
2035,10,31,78,52,10,False,1
2035,11,30,78,52,11,False,1
2035,12,29,78,52,12,False,1
2036,1,28,78,53,1,False,1
2036,2,27,78,53,2,False,1
2036,3,28,78,53,3,False,1
2036,4,26,78,53,4,False,1
2036,5,26,78,53,5,False,1
2036,6,24,78,53,6,False,1
2036,7,23,78,53,6,True,1
2036,8,22,78,53,7,False,1
2036,9,20,78,53,8,False,1
2036,10,19,78,53,9,False,1
2036,11,18,78,53,10,False,1
2036,12,17,78,53,11,False,1
2037,1,16,78,53,12,False,1
2037,2,15,78,54,1,False,1
2037,3,17,78,54,2,False,1
2037,4,16,78,54,3,False,1
2037,5,15,78,54,4,False,1
2037,6,14,78,54,5,False,1
2037,7,13,78,54,6,False,1
2037,8,11,78,54,7,False,1
2037,9,10,78,54,8,False,1
2037,10,9,78,54,9,False,1
2037,11,7,78,54,10,False,1
2037,12,7,78,54,11,False,1
2038,1,5,78,54,12,False,1
2038,2,4,78,55,1,False,1
2038,3,6,78,55,2,False,1
2038,4,5,78,55,3,False,1
2038,5,4,78,55,4,False,1
2038,6,3,78,55,5,False,1
2038,7,2,78,55,6,False,1
2038,8,1,78,55,7,False,1
2038,8,30,78,55,8,False,1
2038,9,29,78,55,9,False,1
2038,10,28,78,55,10,False,1
2038,11,26,78,55,11,False,1
2038,12,26,78,55,12,False,1
2039,1,24,78,56,1,False,1
2039,2,23,78,56,2,False,1
2039,3,25,78,56,3,False,1
2039,4,23,78,56,4,False,1
2039,5,23,78,56,5,False,1
2039,6,22,78,56,5,True,1
2039,7,21,78,56,6,False,1
2039,8,20,78,56,7,False,1
2039,9,18,78,56,8,False,1
2039,10,18,78,56,9,False,1
2039,11,16,78,56,10,False,1
2039,12,16,78,56,11,False,1
2040,1,14,78,56,12,False,1
2040,2,12,78,57,1,False,1
2040,3,13,78,57,2,False,1
2040,4,11,78,57,3,False,1
2040,5,11,78,57,4,False,1
2040,6,10,78,57,5,False,1
2040,7,9,78,57,6,False,1
2040,8,8,78,57,7,False,1
2040,9,6,78,57,8,False,1
2040,10,6,78,57,9,False,1
2040,11,5,78,57,10,False,1
2040,12,4,78,57,11,False,1
2041,1,3,78,57,12,False,1
2041,2,1,78,58,1,False,1
2041,3,2,78,58,2,False,1
2041,4,1,78,58,3,False,1
2041,4,30,78,58,4,False,1
2041,5,30,78,58,5,False,1
2041,6,28,78,58,6,False,1
2041,7,28,78,58,7,False,1
2041,8,27,78,58,8,False,1
2041,9,25,78,58,9,False,1
2041,10,25,78,58,10,False,1
2041,11,24,78,58,11,False,1
2041,12,23,78,58,12,False,1
2042,1,22,78,59,1,False,1
2042,2,20,78,59,2,False,1
2042,3,22,78,59,2,True,1
2042,4,20,78,59,3,False,1
2042,5,19,78,59,4,False,1
2042,6,18,78,59,5,False,1
2042,7,17,78,59,6,False,1
2042,8,16,78,59,7,False,1
2042,9,14,78,59,8,False,1
2042,10,14,78,59,9,False,1
2042,11,13,78,59,10,False,1
2042,12,12,78,59,11,False,1
2043,1,11,78,59,12,False,1
2043,2,10,78,60,1,False,1
2043,3,11,78,60,2,False,1
2043,4,10,78,60,3,False,1
2043,5,9,78,60,4,False,1
2043,6,7,78,60,5,False,1
2043,7,7,78,60,6,False,1
2043,8,5,78,60,7,False,1
2043,9,3,78,60,8,False,1
2043,10,3,78,60,9,False,1
2043,11,2,78,60,10,False,1
2043,12,1,78,60,11,False,1
2043,12,31,78,60,12,False,1
2044,1,30,79,1,1,False,1
2044,2,29,79,1,2,False,1
2044,3,29,79,1,3,False,1
2044,4,28,79,1,4,False,1
2044,5,27,79,1,5,False,1
2044,6,25,79,1,6,False,1
2044,7,25,79,1,7,False,1
2044,8,23,79,1,7,True,1
2044,9,21,79,1,8,False,1
2044,10,21,79,1,9,False,1
2044,11,19,79,1,10,False,1
2044,12,19,79,1,11,False,1
2045,1,18,79,1,12,False,1
2045,2,17,79,2,1,False,1
2045,3,19,79,2,2,False,1
2045,4,17,79,2,3,False,1
2045,5,17,79,2,4,False,1
2045,6,15,79,2,5,False,1
2045,7,14,79,2,6,False,1
2045,8,13,79,2,7,False,1
2045,9,11,79,2,8,False,1
2045,10,10,79,2,9,False,1
2045,11,9,79,2,10,False,1
2045,12,8,79,2,11,False,1
2046,1,7,79,2,12,False,1
2046,2,6,79,3,1,False,1
2046,3,8,79,3,2,False,1
2046,4,6,79,3,3,False,1
2046,5,6,79,3,4,False,1
2046,6,4,79,3,5,False,1
2046,7,4,79,3,6,False,1
2046,8,2,79,3,7,False,1
2046,9,1,79,3,8,False,1
2046,9,30,79,3,9,False,1
2046,10,29,79,3,10,False,1
2046,11,28,79,3,11,False,1
2046,12,27,79,3,12,False,1
2047,1,26,79,4,1,False,1
2047,2,25,79,4,2,False,1
2047,3,26,79,4,3,False,1
2047,4,25,79,4,4,False,1
2047,5,25,79,4,5,False,1
2047,6,23,79,4,5,True,1
2047,7,23,79,4,6,False,1
2047,8,21,79,4,7,False,1
2047,9,20,79,4,8,False,1
2047,10,19,79,4,9,False,1
2047,11,17,79,4,10,False,1
2047,12,17,79,4,11,False,1
2048,1,15,79,4,12,False,1
2048,2,14,79,5,1,False,1
2048,3,14,79,5,2,False,1
2048,4,13,79,5,3,False,1
2048,5,13,79,5,4,False,1
2048,6,11,79,5,5,False,1
2048,7,11,79,5,6,False,1
2048,8,10,79,5,7,False,1
2048,9,8,79,5,8,False,1
2048,10,8,79,5,9,False,1
2048,11,6,79,5,10,False,1
2048,12,5,79,5,11,False,1
2049,1,4,79,5,12,False,1
2049,2,2,79,6,1,False,1
2049,3,4,79,6,2,False,1
2049,4,2,79,6,3,False,1
2049,5,2,79,6,4,False,1
2049,5,31,79,6,5,False,1
2049,6,30,79,6,6,False,1
2049,7,30,79,6,7,False,1
2049,8,28,79,6,8,False,1
2049,9,27,79,6,9,False,1
2049,10,27,79,6,10,False,1
2049,11,25,79,6,11,False,1
2049,12,25,79,6,12,False,1
2050,1,23,79,7,1,False,1
2050,2,21,79,7,2,False,1
2050,3,23,79,7,3,False,1
2050,4,21,79,7,3,True,1
2050,5,21,79,7,4,False,1
2050,6,19,79,7,5,False,1
2050,7,19,79,7,6,False,1
2050,8,17,79,7,7,False,1
2050,9,16,79,7,8,False,1
2050,10,16,79,7,9,False,1
2050,11,14,79,7,10,False,1
2050,12,14,79,7,11,False,1
2051,1,13,79,7,12,False,1
2051,2,11,79,8,1,False,1
2051,3,13,79,8,2,False,1
2051,4,11,79,8,3,False,1
2051,5,10,79,8,4,False,1
2051,6,9,79,8,5,False,1
2051,7,8,79,8,6,False,1
2051,8,6,79,8,7,False,1
2051,9,5,79,8,8,False,1
2051,10,5,79,8,9,False,1
2051,11,3,79,8,10,False,1
2051,12,3,79,8,11,False,1
2052,1,2,79,8,12,False,1
2052,2,1,79,9,1,False,1
2052,3,1,79,9,2,False,1
2052,3,31,79,9,3,False,1
2052,4,29,79,9,4,False,1
2052,5,28,79,9,5,False,1
2052,6,27,79,9,6,False,1
2052,7,26,79,9,7,False,1
2052,8,24,79,9,8,False,1
2052,9,23,79,9,8,True,1
2052,10,22,79,9,9,False,1
2052,11,21,79,9,10,False,1
2052,12,21,79,9,11,False,1
2053,1,20,79,9,12,False,1
2053,2,19,79,10,1,False,1
2053,3,20,79,10,2,False,1
2053,4,19,79,10,3,False,1
2053,5,18,79,10,4,False,1
2053,6,16,79,10,5,False,1
2053,7,16,79,10,6,False,1
2053,8,14,79,10,7,False,1
2053,9,12,79,10,8,False,1
2053,10,12,79,10,9,False,1
2053,11,10,79,10,10,False,1
2053,12,10,79,10,11,False,1
2054,1,9,79,10,12,False,1
2054,2,8,79,11,1,False,1
2054,3,9,79,11,2,False,1
2054,4,8,79,11,3,False,1
2054,5,8,79,11,4,False,1
2054,6,6,79,11,5,False,1
2054,7,5,79,11,6,False,1
2054,8,4,79,11,7,False,1
2054,9,2,79,11,8,False,1
2054,10,1,79,11,9,False,1
2054,10,31,79,11,10,False,1
2054,11,29,79,11,11,False,1
2054,12,29,79,11,12,False,1
2055,1,28,79,12,1,False,1
2055,2,26,79,12,2,False,1
2055,3,28,79,12,3,False,1
2055,4,27,79,12,4,False,1
2055,5,26,79,12,5,False,1
2055,6,25,79,12,6,False,1
2055,7,24,79,12,6,True,1
2055,8,23,79,12,7,False,1
2055,9,21,79,12,8,False,1
2055,10,20,79,12,9,False,1
2055,11,19,79,12,10,False,1
2055,12,18,79,12,11,False,1
2056,1,17,79,12,12,False,1
2056,2,15,79,13,1,False,1
2056,3,16,79,13,2,False,1
2056,4,15,79,13,3,False,1
2056,5,15,79,13,4,False,1
2056,6,13,79,13,5,False,1
2056,7,13,79,13,6,False,1
2056,8,11,79,13,7,False,1
2056,9,10,79,13,8,False,1
2056,10,9,79,13,9,False,1
2056,11,7,79,13,10,False,1
2056,12,7,79,13,11,False,1
2057,1,5,79,13,12,False,1
2057,2,4,79,14,1,False,1
2057,3,5,79,14,2,False,1
2057,4,4,79,14,3,False,1
2057,5,4,79,14,4,False,1
2057,6,2,79,14,5,False,1
2057,7,2,79,14,6,False,1
2057,7,31,79,14,7,False,1
2057,8,30,79,14,8,False,1
2057,9,28,79,14,9,False,1
2057,10,28,79,14,10,False,1
2057,11,26,79,14,11,False,1
2057,12,26,79,14,12,False,1
2058,1,24,79,15,1,False,1
2058,2,23,79,15,2,False,1
2058,3,24,79,15,3,False,1
2058,4,23,79,15,4,False,1
2058,5,22,79,15,4,True,1
2058,6,21,79,15,5,False,1
2058,7,20,79,15,6,False,1
2058,8,19,79,15,7,False,1
2058,9,18,79,15,8,False,1
2058,10,17,79,15,9,False,1
2058,11,16,79,15,10,False,1
2058,12,16,79,15,11,False,1
2059,1,14,79,15,12,False,1
2059,2,12,79,16,1,False,1
2059,3,14,79,16,2,False,1
2059,4,12,79,16,3,False,1
2059,5,12,79,16,4,False,1
2059,6,10,79,16,5,False,1
2059,7,10,79,16,6,False,1
2059,8,8,79,16,7,False,1
2059,9,7,79,16,8,False,1
2059,10,6,79,16,9,False,1
2059,11,5,79,16,10,False,1
2059,12,5,79,16,11,False,1
2060,1,4,79,16,12,False,1
2060,2,2,79,17,1,False,1
2060,3,3,79,17,2,False,1
2060,4,1,79,17,3,False,1
2060,4,30,79,17,4,False,1
2060,5,30,79,17,5,False,1
2060,6,28,79,17,6,False,1
2060,7,27,79,17,7,False,1
2060,8,26,79,17,8,False,1
2060,9,24,79,17,9,False,1
2060,10,24,79,17,10,False,1
2060,11,23,79,17,11,False,1
2060,12,23,79,17,12,False,1
2061,1,21,79,18,1,False,1
2061,2,20,79,18,2,False,1
2061,3,22,79,18,3,False,1
2061,4,20,79,18,3,True,1
2061,5,19,79,18,4,False,1
2061,6,18,79,18,5,False,1
2061,7,17,79,18,6,False,1
2061,8,15,79,18,7,False,1
2061,9,14,79,18,8,False,1
2061,10,13,79,18,9,False,1
2061,11,12,79,18,10,False,1
2061,12,12,79,18,11,False,1
2062,1,11,79,18,12,False,1
2062,2,9,79,19,1,False,1
2062,3,11,79,19,2,False,1
2062,4,10,79,19,3,False,1
2062,5,9,79,19,4,False,1
2062,6,7,79,19,5,False,1
2062,7,7,79,19,6,False,1
2062,8,5,79,19,7,False,1
2062,9,3,79,19,8,False,1
2062,10,3,79,19,9,False,1
2062,11,1,79,19,10,False,1
2062,12,1,79,19,11,False,1
2062,12,31,79,19,12,False,1
2063,1,29,79,20,1,False,1
2063,2,28,79,20,2,False,1
2063,3,30,79,20,3,False,1
2063,4,28,79,20,4,False,1
2063,5,28,79,20,5,False,1
2063,6,26,79,20,6,False,1
2063,7,26,79,20,7,False,1
2063,8,24,79,20,7,True,1
2063,9,22,79,20,8,False,1
2063,10,22,79,20,9,False,1
2063,11,20,79,20,10,False,1
2063,12,20,79,20,11,False,1
2064,1,18,79,20,12,False,1
2064,2,17,79,21,1,False,1
2064,3,18,79,21,2,False,1
2064,4,17,79,21,3,False,1
2064,5,16,79,21,4,False,1
2064,6,15,79,21,5,False,1
2064,7,14,79,21,6,False,1
2064,8,13,79,21,7,False,1
2064,9,11,79,21,8,False,1
2064,10,10,79,21,9,False,1
2064,11,9,79,21,10,False,1
2064,12,8,79,21,11,False,1
2065,1,7,79,21,12,False,1
2065,2,5,79,22,1,False,1
2065,3,7,79,22,2,False,1
2065,4,6,79,22,3,False,1
2065,5,5,79,22,4,False,1
2065,6,4,79,22,5,False,1
2065,7,4,79,22,6,False,1
2065,8,2,79,22,7,False,1
2065,9,1,79,22,8,False,1
2065,9,30,79,22,9,False,1
2065,10,29,79,22,10,False,1
2065,11,28,79,22,11,False,1
2065,12,27,79,22,12,False,1
2066,1,26,79,23,1,False,1
2066,2,24,79,23,2,False,1
2066,3,26,79,23,3,False,1
2066,4,24,79,23,4,False,1
2066,5,24,79,23,5,False,1
2066,6,23,79,23,5,True,1
2066,7,22,79,23,6,False,1
2066,8,21,79,23,7,False,1
2066,9,19,79,23,8,False,1
2066,10,19,79,23,9,False,1
2066,11,17,79,23,10,False,1
2066,12,17,79,23,11,False,1
2067,1,15,79,23,12,False,1
2067,2,14,79,24,1,False,1
2067,3,15,79,24,2,False,1
2067,4,14,79,24,3,False,1
2067,5,13,79,24,4,False,1
2067,6,12,79,24,5,False,1
2067,7,11,79,24,6,False,1
2067,8,10,79,24,7,False,1
2067,9,9,79,24,8,False,1
2067,10,8,79,24,9,False,1
2067,11,7,79,24,10,False,1
2067,12,6,79,24,11,False,1
2068,1,5,79,24,12,False,1
2068,2,3,79,25,1,False,1
2068,3,4,79,25,2,False,1
2068,4,2,79,25,3,False,1
2068,5,2,79,25,4,False,1
2068,5,31,79,25,5,False,1
2068,6,29,79,25,6,False,1
2068,7,29,79,25,7,False,1
2068,8,28,79,25,8,False,1
2068,9,26,79,25,9,False,1
2068,10,26,79,25,10,False,1
2068,11,25,79,25,11,False,1
2068,12,24,79,25,12,False,1
2069,1,23,79,26,1,False,1
2069,2,21,79,26,2,False,1
2069,3,23,79,26,3,False,1
2069,4,21,79,26,4,False,1
2069,5,21,79,26,4,True,1
2069,6,19,79,26,5,False,1
2069,7,18,79,26,6,False,1
2069,8,17,79,26,7,False,1
2069,9,15,79,26,8,False,1
2069,10,15,79,26,9,False,1
2069,11,14,79,26,10,False,1
2069,12,14,79,26,11,False,1
2070,1,12,79,26,12,False,1
2070,2,11,79,27,1,False,1
2070,3,12,79,27,2,False,1
2070,4,11,79,27,3,False,1
2070,5,10,79,27,4,False,1
2070,6,9,79,27,5,False,1
2070,7,8,79,27,6,False,1
2070,8,6,79,27,7,False,1
2070,9,5,79,27,8,False,1
2070,10,4,79,27,9,False,1
2070,11,3,79,27,10,False,1
2070,12,3,79,27,11,False,1
2071,1,1,79,27,12,False,1
2071,1,31,79,28,1,False,1
2071,3,2,79,28,2,False,1
2071,3,31,79,28,3,False,1
2071,4,30,79,28,4,False,1
2071,5,29,79,28,5,False,1
2071,6,28,79,28,6,False,1
2071,7,27,79,28,7,False,1
2071,8,25,79,28,8,False,1
2071,9,24,79,28,8,True,1
2071,10,23,79,28,9,False,1
2071,11,22,79,28,10,False,1
2071,12,21,79,28,11,False,1
2072,1,20,79,28,12,False,1
2072,2,19,79,29,1,False,1
2072,3,20,79,29,2,False,1
2072,4,18,79,29,3,False,1
2072,5,18,79,29,4,False,1
2072,6,16,79,29,5,False,1
2072,7,16,79,29,6,False,1
2072,8,14,79,29,7,False,1
2072,9,12,79,29,8,False,1
2072,10,12,79,29,9,False,1
2072,11,10,79,29,10,False,1
2072,12,10,79,29,11,False,1
2073,1,8,79,29,12,False,1
2073,2,7,79,30,1,False,1
2073,3,9,79,30,2,False,1
2073,4,7,79,30,3,False,1
2073,5,7,79,30,4,False,1
2073,6,6,79,30,5,False,1
2073,7,5,79,30,6,False,1
2073,8,4,79,30,7,False,1
2073,9,2,79,30,8,False,1
2073,10,1,79,30,9,False,1
2073,10,31,79,30,10,False,1
2073,11,29,79,30,11,False,1
2073,12,29,79,30,12,False,1
2074,1,27,79,31,1,False,1
2074,2,26,79,31,2,False,1
2074,3,27,79,31,3,False,1
2074,4,26,79,31,4,False,1
2074,5,26,79,31,5,False,1
2074,6,24,79,31,6,False,1
2074,7,24,79,31,6,True,1
2074,8,22,79,31,7,False,1
2074,9,21,79,31,8,False,1
2074,10,20,79,31,9,False,1
2074,11,19,79,31,10,False,1
2074,12,18,79,31,11,False,1
2075,1,17,79,31,12,False,1
2075,2,15,79,32,1,False,1
2075,3,17,79,32,2,False,1
2075,4,15,79,32,3,False,1
2075,5,15,79,32,4,False,1
2075,6,13,79,32,5,False,1
2075,7,13,79,32,6,False,1
2075,8,12,79,32,7,False,1
2075,9,10,79,32,8,False,1
2075,10,10,79,32,9,False,1
2075,11,8,79,32,10,False,1
2075,12,8,79,32,11,False,1
2076,1,6,79,32,12,False,1
2076,2,5,79,33,1,False,1
2076,3,5,79,33,2,False,1
2076,4,4,79,33,3,False,1
2076,5,3,79,33,4,False,1
2076,6,2,79,33,5,False,1
2076,7,1,79,33,6,False,1
2076,7,31,79,33,7,False,1
2076,8,29,79,33,8,False,1
2076,9,28,79,33,9,False,1
2076,10,28,79,33,10,False,1
2076,11,26,79,33,11,False,1
2076,12,26,79,33,12,False,1
2077,1,24,79,34,1,False,1
2077,2,23,79,34,2,False,1
2077,3,24,79,34,3,False,1
2077,4,23,79,34,4,False,1
2077,5,22,79,34,4,True,1
2077,6,20,79,34,5,False,1
2077,7,20,79,34,6,False,1
2077,8,18,79,34,7,False,1
2077,9,17,79,34,8,False,1
2077,10,17,79,34,9,False,1
2077,11,16,79,34,10,False,1
2077,12,15,79,34,11,False,1
2078,1,14,79,34,12,False,1
2078,2,12,79,35,1,False,1
2078,3,14,79,35,2,False,1
2078,4,12,79,35,3,False,1
2078,5,12,79,35,4,False,1
2078,6,10,79,35,5,False,1
2078,7,9,79,35,6,False,1
2078,8,8,79,35,7,False,1
2078,9,6,79,35,8,False,1
2078,10,6,79,35,9,False,1
2078,11,5,79,35,10,False,1
2078,12,4,79,35,11,False,1
2079,1,3,79,35,12,False,1
2079,2,2,79,36,1,False,1
2079,3,3,79,36,2,False,1
2079,4,2,79,36,3,False,1
2079,5,1,79,36,4,False,1
2079,5,31,79,36,5,False,1
2079,6,29,79,36,6,False,1
2079,7,28,79,36,7,False,1
2079,8,27,79,36,8,False,1
2079,9,25,79,36,9,False,1
2079,10,25,79,36,10,False,1
2079,11,23,79,36,11,False,1
2079,12,23,79,36,12,False,1
2080,1,22,79,37,1,False,1
2080,2,21,79,37,2,False,1
2080,3,21,79,37,3,False,1
2080,4,20,79,37,3,True,1
2080,5,19,79,37,4,False,1
2080,6,18,79,37,5,False,1
2080,7,17,79,37,6,False,1
2080,8,15,79,37,7,False,1
2080,9,14,79,37,8,False,1
2080,10,13,79,37,9,False,1
2080,11,11,79,37,10,False,1
2080,12,11,79,37,11,False,1
2081,1,10,79,37,12,False,1
2081,2,9,79,38,1,False,1
2081,3,10,79,38,2,False,1
2081,4,9,79,38,3,False,1
2081,5,9,79,38,4,False,1
2081,6,7,79,38,5,False,1
2081,7,7,79,38,6,False,1
2081,8,5,79,38,7,False,1
2081,9,3,79,38,8,False,1
2081,10,3,79,38,9,False,1
2081,11,1,79,38,10,False,1
2081,11,30,79,38,11,False,1
2081,12,30,79,38,12,False,1
2082,1,29,79,39,1,False,1
2082,2,27,79,39,2,False,1
2082,3,29,79,39,3,False,1
2082,4,28,79,39,4,False,1
2082,5,28,79,39,5,False,1
2082,6,26,79,39,6,False,1
2082,7,25,79,39,7,False,1
2082,8,24,79,39,7,True,1
2082,9,22,79,39,8,False,1
2082,10,22,79,39,9,False,1
2082,11,20,79,39,10,False,1
2082,12,19,79,39,11,False,1
2083,1,18,79,39,12,False,1
2083,2,17,79,40,1,False,1
2083,3,18,79,40,2,False,1
2083,4,17,79,40,3,False,1
2083,5,17,79,40,4,False,1
2083,6,15,79,40,5,False,1
2083,7,15,79,40,6,False,1
2083,8,13,79,40,7,False,1
2083,9,12,79,40,8,False,1
2083,10,11,79,40,9,False,1
2083,11,10,79,40,10,False,1
2083,12,9,79,40,11,False,1
2084,1,8,79,40,12,False,1
2084,2,6,79,41,1,False,1
2084,3,7,79,41,2,False,1
2084,4,5,79,41,3,False,1
2084,5,5,79,41,4,False,1
2084,6,3,79,41,5,False,1
2084,7,3,79,41,6,False,1
2084,8,2,79,41,7,False,1
2084,8,31,79,41,8,False,1
2084,9,30,79,41,9,False,1
2084,10,29,79,41,10,False,1
2084,11,28,79,41,11,False,1
2084,12,27,79,41,12,False,1
2085,1,26,79,42,1,False,1
2085,2,24,79,42,2,False,1
2085,3,26,79,42,3,False,1
2085,4,24,79,42,4,False,1
2085,5,23,79,42,5,False,1
2085,6,22,79,42,5,True,1
2085,7,22,79,42,6,False,1
2085,8,20,79,42,7,False,1
2085,9,19,79,42,8,False,1
2085,10,19,79,42,9,False,1
2085,11,17,79,42,10,False,1
2085,12,17,79,42,11,False,1
2086,1,15,79,42,12,False,1
2086,2,14,79,43,1,False,1
2086,3,15,79,43,2,False,1
2086,4,14,79,43,3,False,1
2086,5,13,79,43,4,False,1
2086,6,11,79,43,5,False,1
2086,7,11,79,43,6,False,1
2086,8,9,79,43,7,False,1
2086,9,8,79,43,8,False,1
2086,10,8,79,43,9,False,1
2086,11,6,79,43,10,False,1
2086,12,6,79,43,11,False,1
2087,1,5,79,43,12,False,1
2087,2,3,79,44,1,False,1
2087,3,5,79,44,2,False,1
2087,4,3,79,44,3,False,1
2087,5,3,79,44,4,False,1
2087,6,1,79,44,5,False,1
2087,6,30,79,44,6,False,1
2087,7,30,79,44,7,False,1
2087,8,28,79,44,8,False,1
2087,9,27,79,44,9,False,1
2087,10,26,79,44,10,False,1
2087,11,25,79,44,11,False,1
2087,12,25,79,44,12,False,1
2088,1,24,79,45,1,False,1
2088,2,22,79,45,2,False,1
2088,3,23,79,45,3,False,1
2088,4,21,79,45,4,False,1
2088,5,21,79,45,4,True,1
2088,6,19,79,45,5,False,1
2088,7,18,79,45,6,False,1
2088,8,17,79,45,7,False,1
2088,9,15,79,45,8,False,1
2088,10,14,79,45,9,False,1
2088,11,13,79,45,10,False,1
2088,12,13,79,45,11,False,1
2089,1,12,79,45,12,False,1
2089,2,10,79,46,1,False,1
2089,3,12,79,46,2,False,1
2089,4,11,79,46,3,False,1
2089,5,10,79,46,4,False,1
2089,6,9,79,46,5,False,1
2089,7,8,79,46,6,False,1
2089,8,6,79,46,7,False,1
2089,9,4,79,46,8,False,1
2089,10,4,79,46,9,False,1
2089,11,2,79,46,10,False,1
2089,12,2,79,46,11,False,1
2090,1,1,79,46,12,False,1
2090,1,30,79,47,1,False,1
2090,3,1,79,47,2,False,1
2090,3,31,79,47,3,False,1
2090,4,30,79,47,4,False,1
2090,5,29,79,47,5,False,1
2090,6,28,79,47,6,False,1
2090,7,27,79,47,7,False,1
2090,8,25,79,47,8,False,1
2090,9,24,79,47,8,True,1
2090,10,23,79,47,9,False,1
2090,11,21,79,47,10,False,1
2090,12,21,79,47,11,False,1
2091,1,20,79,47,12,False,1
2091,2,18,79,48,1,False,1
2091,3,20,79,48,2,False,1
2091,4,19,79,48,3,False,1
2091,5,18,79,48,4,False,1
2091,6,17,79,48,5,False,1
2091,7,16,79,48,6,False,1
2091,8,15,79,48,7,False,1
2091,9,13,79,48,8,False,1
2091,10,13,79,48,9,False,1
2091,11,11,79,48,10,False,1
2091,12,10,79,48,11,False,1
2092,1,9,79,48,12,False,1
2092,2,7,79,49,1,False,1
2092,3,8,79,49,2,False,1
2092,4,7,79,49,3,False,1
2092,5,6,79,49,4,False,1
2092,6,5,79,49,5,False,1
2092,7,5,79,49,6,False,1
2092,8,3,79,49,7,False,1
2092,9,2,79,49,8,False,1
2092,10,1,79,49,9,False,1
2092,10,31,79,49,10,False,1
2092,11,29,79,49,11,False,1
2092,12,29,79,49,12,False,1
2093,1,27,79,50,1,False,1
2093,2,25,79,50,2,False,1
2093,3,27,79,50,3,False,1
2093,4,26,79,50,4,False,1
2093,5,25,79,50,5,False,1
2093,6,24,79,50,6,False,1
2093,7,23,79,50,6,True,1
2093,8,22,79,50,7,False,1
2093,9,21,79,50,8,False,1
2093,10,20,79,50,9,False,1
2093,11,19,79,50,10,False,1
2093,12,18,79,50,11,False,1
2094,1,17,79,50,12,False,1
2094,2,15,79,51,1,False,1
2094,3,16,79,51,2,False,1
2094,4,15,79,51,3,False,1
2094,5,14,79,51,4,False,1
2094,6,13,79,51,5,False,1
2094,7,12,79,51,6,False,1
2094,8,11,79,51,7,False,1
2094,9,10,79,51,8,False,1
2094,10,9,79,51,9,False,1
2094,11,8,79,51,10,False,1
2094,12,8,79,51,11,False,1
2095,1,6,79,51,12,False,1
2095,2,5,79,52,1,False,1
2095,3,6,79,52,2,False,1
2095,4,5,79,52,3,False,1
2095,5,4,79,52,4,False,1
2095,6,2,79,52,5,False,1
2095,7,2,79,52,6,False,1
2095,7,31,79,52,7,False,1
2095,8,30,79,52,8,False,1
2095,9,28,79,52,9,False,1
2095,10,28,79,52,10,False,1
2095,11,27,79,52,11,False,1
2095,12,27,79,52,12,False,1
2096,1,25,79,53,1,False,1
2096,2,24,79,53,2,False,1
2096,3,24,79,53,3,False,1
2096,4,23,79,53,4,False,1
2096,5,22,79,53,4,True,1
2096,6,20,79,53,5,False,1
2096,7,20,79,53,6,False,1
2096,8,18,79,53,7,False,1
2096,9,16,79,53,8,False,1
2096,10,16,79,53,9,False,1
2096,11,15,79,53,10,False,1
2096,12,15,79,53,11,False,1
2097,1,13,79,53,12,False,1
2097,2,12,79,54,1,False,1
2097,3,14,79,54,2,False,1
2097,4,12,79,54,3,False,1
2097,5,12,79,54,4,False,1
2097,6,10,79,54,5,False,1
2097,7,9,79,54,6,False,1
2097,8,7,79,54,7,False,1
2097,9,6,79,54,8,False,1
2097,10,5,79,54,9,False,1
2097,11,4,79,54,10,False,1
2097,12,4,79,54,11,False,1
2098,1,2,79,54,12,False,1
2098,2,1,79,55,1,False,1
2098,3,3,79,55,2,False,1
2098,4,2,79,55,3,False,1
2098,5,1,79,55,4,False,1
2098,5,31,79,55,5,False,1
2098,6,29,79,55,6,False,1
2098,7,28,79,55,7,False,1
2098,8,26,79,55,8,False,1
2098,9,25,79,55,9,False,1
2098,10,24,79,55,10,False,1
2098,11,23,79,55,11,False,1
2098,12,22,79,55,12,False,1
2099,1,21,79,56,1,False,1
2099,2,20,79,56,2,False,1
2099,3,22,79,56,2,True,1
2099,4,20,79,56,3,False,1
2099,5,20,79,56,4,False,1
2099,6,19,79,56,5,False,1
2099,7,18,79,56,6,False,1
2099,8,16,79,56,7,False,1
2099,9,15,79,56,8,False,1
2099,10,14,79,56,9,False,1
2099,11,12,79,56,10,False,1
2099,12,12,79,56,11,False,1
